Title,Price,Location,Surface,Rooms,Bathrooms,Floor,Construction Year
Ø¨Ù‚Ø¹ Ø£Ø±Ø¶ÙŠØ© Ù…Ø­ÙØ¶Ø© Ùˆ Ù…Ø¬Ù‡Ø²Ø© Ø¨ÙƒÙˆÙŠÙ„Ù…Ø© ØªØ·ÙˆØ§Ù† R2,320â€¯000 DH,Martil,Nan,Nan,Nan,Nan,Nan
STUDIO Ã  vendre MAARIF EXTENTION,1â€¯140â€¯000 DH,Casablanca,52,Nan,Nan,Nan,Nan
Lot de terrains a daroua 140 Ã  200 m2,PRIX NON SPÃ‰CIFIÃ‰,Nouaceur,Nan,Nan,Nan,Nan,Nan
TrÃ©s Bel Appartement Ã  la plage de Achakar,315 DH /Nuit,Promo -10%,Nan,Nan,Nan,Nan,Nan
appart meublÃ©e,300 DH /Nuit,Marrakech,Nan,Nan,Nan,Nan,Nan
A VENDRE - STUDIO SUR GAUTHIER,1â€¯250â€¯000 DH,Casablanca,49,1,1,4,1-5 ans
Appartement de vacances a gueliz,310 DH /Nuit,Marrakech,Nan,Nan,Nan,Nan,Nan
Villa isolÃ©e avec ascenseur Ã  la CGI Bouskoura,14â€¯200â€¯000 DH,Bouskoura,650,5,4,Nan,6-10 ans
Apparteme studio a louer meuble mansouria 3300 DH,3â€¯300 DH,Mohammedia,60,Nan,Nan,2,Nan
appartement a louer court durÃ©e,350 DH /Nuit,Marrakech,Nan,Nan,Nan,Nan,Nan
je mets en vente une maison titrÃ©e de 120m2,PRIX NON SPÃ‰CIFIÃ‰,Nador,130,Nan,Nan,Nan,21+ ans
Fond de Commerce Restaurant 164m2 a Casa Anfa,700â€¯000 DH,Casablanca,Nan,Nan,Nan,Nan,Nan
appartements et chalets Ã  location ifrane,350 DH /Nuit,Ifrane,Nan,Nan,Nan,Nan,Nan
Ø£Ø±Ø¶ Ù„Ù„Ø¨ÙŠØ¹ İ£Ø²Ù†Ø§ÙŠØ©,PRIX NON SPÃ‰CIFIÃ‰,Tanger,Nan,Nan,Nan,Nan,Nan
nouveau projet appartement haut standing,PRIX NON SPÃ‰CIFIÃ‰,Tanger,60,Nan,Nan,2,Neuf
jolie appartements en location Ã  ifrane,250 DH /Nuit,Ifrane,Nan,Nan,Nan,Nan,Nan
Appartement Ã  louer au Quartier des Hopitaux Casa,7â€¯000 DH,Casablanca,137,Nan,Nan,2,Nan
Magasin de 45m2 au Quartier Racine,24â€¯000 DH,Casablanca,Nan,Nan,Nan,Nan,Nan
Ø´Ù‚Ø© Ù„Ù„ÙƒØ±Ø§Ø¡ Ø§Ù„ÙŠÙˆÙ…ÙŠ Ø¨Ù‚Ù„Ø¨ Ø§Ù„Ù…Ø¯ÙŠÙ†Ø©,400 DH /Nuit,Marrakech,Nan,Nan,Nan,Nan,Nan
Appartement Ã  louer Ã  Prestigia,10â€¯000 DH,Rabat,1,Nan,Nan,4,Nan
Appartement vide Ã  vendre situÃ© Ã  Salam - AGADIR,730â€¯000 DH,Agadir,103,2,1,Rez de chaussÃ©e,Neuf
Appartement neuf meublÃ© disponible Ã  la location,16â€¯000 DH,Rabat,Nan,Nan,Nan,3,Nan
Targa 10 min de gueliz,250 DH /Nuit,Marrakech,Nan,Nan,Nan,Nan,Nan
Best location AGDAL 45m mosquÃ©e Badr,650 DH /Nuit,Rabat,Nan,Nan,Nan,Nan,Nan
MAGNIFIQUE STUDIO Ã  vendre quartier princesse,PRIX NON SPÃ‰CIFIÃ‰,Casablanca,32,Nan,Nan,4,Neuf
Ù…Ø­Ù„ ØªØ¬Ø§Ø±ÙŠ Ù„Ù„ÙƒØ±Ø§Ø¡,8â€¯000 DH,Casablanca,Nan,Nan,Nan,Nan,Nan
CENTRE D APPEL PRUMUM A LOUER,15â€¯000 DH,Casablanca,Nan,Nan,Nan,1,Nan
Magnifique appartement Ã  vendre Ã  Meknes,PRIX NON SPÃ‰CIFIÃ‰,MeknÃ¨s,120,Nan,Nan,1,Neuf
loction par nuite,200 DH /Nuit,Asilah,Nan,Nan,Nan,Nan,Nan
tres belle villa neuve Ã  souissi avec un prix choc,15â€¯000â€¯000 DH,Urgent,800,4,5,Nan,Neuf
Local Ã  louer amÃ©nagÃ© totalement,15â€¯000 DH,Casablanca,Nan,Nan,Nan,Nan,Nan
Superbe Appartement Ã  145 mÂ² Maarif extension,2â€¯600â€¯000 DH,Casablanca,145,3,2,1,6-10 ans
Ù‚Ø·Ø¹Ø© Ø£Ø±Ø¶ÙŠØ© Ù„Ù„Ø¨ÙŠØ¹,1â€¯430â€¯000 DH,Tanger,Nan,Nan,Nan,Nan,Nan
70m2 LUXE terrasse ARRIBAT CENTER AGDAL,880 DH /Nuit,Rabat,Nan,Nan,Nan,Nan,Nan
villa a quartier val fleuri sur 3 faÃ§ades,4â€¯800â€¯000 DH,Tanger,365,5,Nan,Nan,Nan
appart meublÃ© familiale sans intermÃ©diaire Wi-Fi,250 DH /Nuit,Tanger,Nan,Nan,Nan,Nan,Nan
Ø¨Ù‚Ø¹ Ø§Ø±Ø¶ÙŠØ© ØªØ¬Ø§Ø±ÙŠØ© R 3 Ø¨ Ø³Ù„Ø§ Ø§Ø¨ØªØ¯Ø§Ø¡ Ù…Ù† 5700 Ø¯Ù…,PRIX NON SPÃ‰CIFIÃ‰,SalÃ©,Nan,Nan,Nan,Nan,Nan
Appart 2 chambres avec ascenseur,250 DH /Nuit,Agadir,Nan,Nan,Nan,Nan,Nan
Appartement Ã  vendre 307 mÂ² Ã  Casablanca,2â€¯600â€¯000 DH,Casablanca,307,4,3,1,11-20 ans
Appartement Ã  vendre 57 mÂ² Ã  Casablanca,680â€¯000 DH,Casablanca,57,2,2,2,Neuf
Appartement Ã  louer 70 mÂ² Ã  Rabat,5â€¯500 DH,Rabat,70,Nan,Nan,1,Nan
Lot terrain pour maison R2,600â€¯000 DH,Marrakech,Nan,Nan,Nan,Nan,Nan
Appartement Ã  vendre Ã  Casablanca,PRIX NON SPÃ‰CIFIÃ‰,Casablanca,Nan,Nan,Nan,2,Neuf
Studio 59 m2 haut standing Ã  Bouskoura Odyssia 7,540â€¯000 DH,Bouskoura,46,1,1,Rez de chaussÃ©e,Neuf
Appart vue sur piscine Riviera Beach,350 DH /Nuit,Cabo Negro,Nan,Nan,Nan,Nan,Nan
DUPLEX VILLA -IBNOU BADISS,PRIX NON SPÃ‰CIFIÃ‰,El Jadida,329,Nan,Nan,Nan,6-10 ans
lot villa isolet a targa de 2455 m2,PRIX NON SPÃ‰CIFIÃ‰,Marrakech,Nan,Nan,Nan,Nan,Nan
Terrain titre,PRIX NON SPÃ‰CIFIÃ‰,Marrakech,Nan,Nan,Nan,Nan,Nan
TrÃ¨s Bel Appartement HS 125m2 a Les Princesses,8â€¯500 DH,Casablanca,125,Nan,Nan,2,Nan
ğŸŒŸBureaux Privatifs et Salle de rÃ©union ğŸŒŸ,1â€¯850 DH,Agadir,Nan,Nan,Nan,1,Nan
Tre propre apr 2mn Corniche,250 DH /Nuit,Martil,Nan,Nan,Nan,Nan,Nan
appartement prÃ¨s de la plage,6â€¯500 DH,Tanger,75,Nan,Nan,3,Nan
appartement moderne a vendre gueliz,1â€¯760â€¯000 DH,Marrakech,80,2,2,1,Neuf
14000Ù…ØªØ± Ù…Ø¹ ÙÙŠÙ„Ø§ Ùˆ Ù…Ø³Ø¨Ø­ Ù…Ø­ÙØ¸Ø©,2â€¯800â€¯000 DH,Sidi Rahal,Nan,Nan,Nan,Nan,Nan
appartement Ã  louer Ã hayriad,8â€¯000 DH,Rabat,130,Nan,Nan,2,Nan
Ø´Ù‚Ù‚ Ø¬Ø¯ÙŠØ¯Ø© Ù…Ø¯Ø¹ÙˆÙ…Ø© Ù…Ù† Ø§Ù„Ø¯ÙˆÙ„Ø©,700â€¯000 DH,Agadir,64,2,2,1,Neuf
Belle Appartement bien meublÃ© et Ã©quipÃ© et dÃ©corÃ©,7â€¯000 DH,Agadir,105,Nan,Nan,8,Nan
Appartement Ã  louer vide 3 chambr la colline 5000,5â€¯000 DH,Mohammedia,120,Nan,Nan,3,Nan
Villa Ã  ain diab a vendre,32â€¯000â€¯000 DH,Casablanca,1600,5,4,Nan,6-10 ans
Terrains titrÃ©s R3 commercial Ã  SalÃ©,855â€¯000 DH,SalÃ©,Nan,Nan,Nan,Nan,Nan
appartements meublÃ©es Ã  LA MARINA,500 DH /Nuit,Agadir,Nan,Nan,Nan,Nan,Nan
Ø§Ù„Ù…Ø³ÙŠØ±Ø© 2 Ø´Ø§Ø±Ø¹ Ø·Ø§Ø±Ù‚ Ø§Ø¨Ù† Ø²ÙŠØ§Ø¯ ØªÙ…Ø§Ø±Ø©,800â€¯000 DH,Temara,90,2,1,1,11-20 ans
Appartement Ã  vendre 109 mÂ² Ã  Casablanca,1â€¯250â€¯000 DH,Ø§Ù„Ø¯Ø§Ø± Ø§Ù„Ø¨ÙŠØ¶Ø§Ø¡,109,2,2,2,Neuf
Appartement Ã  louer 100 mÂ² Ã  Nador,350 DH,Nador,100,Nan,Nan,2,Nan
Appartement Ã  louer 157 mÂ² Ã  Casablanca,8â€¯000 DH,Casablanca,157,Nan,Nan,4,Nan
Appartement propre meublÃ© Ã  hay mohmadi,3â€¯500 DH,Agadir,54,Nan,Nan,2,Nan
Ù…Ù†Ø²Ù„ Ù„Ù„Ø¨ÙŠØ¹ Ø§Ù„Ù…ÙˆÙ‚Ø¹ Ø§Ù„Ù‚Ø¯Ø³,1â€¯380â€¯000 DH,Oujda,138,3,2,Nan,1-5 ans
Un Local Commercial SAROUTE 90m2 Casa Anfa,490â€¯000 DH,Casablanca,Nan,Nan,Nan,Nan,Nan
Ø¨ÙŠØ¹ Ø·Ø§Ø¨Ù‚ Ø§Ù„Ø§ÙˆÙ„,PRIX NON SPÃ‰CIFIÃ‰,Deroua,Nan,Nan,Nan,1,6-10 ans
Appartement meublÃ©e pour location,400 DH /Nuit,Marrakech,Nan,Nan,Nan,Nan,Nan
Appartement Ã  vendre 133 mÂ² Ã  Mohammedia,1â€¯700â€¯000 DH,Mohammedia,117,3,2,3,Neuf
Appartement Ã  vendre 94 mÂ² Ã  Casablanca,750â€¯000 DH,Casablanca,94,3,2,3,6-10 ans
